[{"model": "auth.permission", "pk": 1, "fields": {"name": "Can add log entry", "content_type": 1, "codename": "add_logentry"}}, {"model": "auth.permission", "pk": 2, "fields": {"name": "Can change log entry", "content_type": 1, "codename": "change_logentry"}}, {"model": "auth.permission", "pk": 3, "fields": {"name": "Can delete log entry", "content_type": 1, "codename": "delete_logentry"}}, {"model": "auth.permission", "pk": 4, "fields": {"name": "Can add permission", "content_type": 2, "codename": "add_permission"}}, {"model": "auth.permission", "pk": 5, "fields": {"name": "Can change permission", "content_type": 2, "codename": "change_permission"}}, {"model": "auth.permission", "pk": 6, "fields": {"name": "Can delete permission", "content_type": 2, "codename": "delete_permission"}}, {"model": "auth.permission", "pk": 7, "fields": {"name": "Can add group", "content_type": 3, "codename": "add_group"}}, {"model": "auth.permission", "pk": 8, "fields": {"name": "Can change group", "content_type": 3, "codename": "change_group"}}, {"model": "auth.permission", "pk": 9, "fields": {"name": "Can delete group", "content_type": 3, "codename": "delete_group"}}, {"model": "auth.permission", "pk": 10, "fields": {"name": "Can add user", "content_type": 4, "codename": "add_user"}}, {"model": "auth.permission", "pk": 11, "fields": {"name": "Can change user", "content_type": 4, "codename": "change_user"}}, {"model": "auth.permission", "pk": 12, "fields": {"name": "Can delete user", "content_type": 4, "codename": "delete_user"}}, {"model": "auth.permission", "pk": 13, "fields": {"name": "Can add content type", "content_type": 5, "codename": "add_contenttype"}}, {"model": "auth.permission", "pk": 14, "fields": {"name": "Can change content type", "content_type": 5, "codename": "change_contenttype"}}, {"model": "auth.permission", "pk": 15, "fields": {"name": "Can delete content type", "content_type": 5, "codename": "delete_contenttype"}}, {"model": "auth.permission", "pk": 16, "fields": {"name": "Can add session", "content_type": 6, "codename": "add_session"}}, {"model": "auth.permission", "pk": 17, "fields": {"name": "Can change session", "content_type": 6, "codename": "change_session"}}, {"model": "auth.permission", "pk": 18, "fields": {"name": "Can delete session", "content_type": 6, "codename": "delete_session"}}, {"model": "auth.permission", "pk": 19, "fields": {"name": "Can add application", "content_type": 7, "codename": "add_application"}}, {"model": "auth.permission", "pk": 20, "fields": {"name": "Can change application", "content_type": 7, "codename": "change_application"}}, {"model": "auth.permission", "pk": 21, "fields": {"name": "Can delete application", "content_type": 7, "codename": "delete_application"}}, {"model": "auth.permission", "pk": 22, "fields": {"name": "Can add access token", "content_type": 8, "codename": "add_accesstoken"}}, {"model": "auth.permission", "pk": 23, "fields": {"name": "Can change access token", "content_type": 8, "codename": "change_accesstoken"}}, {"model": "auth.permission", "pk": 24, "fields": {"name": "Can delete access token", "content_type": 8, "codename": "delete_accesstoken"}}, {"model": "auth.permission", "pk": 25, "fields": {"name": "Can add grant", "content_type": 9, "codename": "add_grant"}}, {"model": "auth.permission", "pk": 26, "fields": {"name": "Can change grant", "content_type": 9, "codename": "change_grant"}}, {"model": "auth.permission", "pk": 27, "fields": {"name": "Can delete grant", "content_type": 9, "codename": "delete_grant"}}, {"model": "auth.permission", "pk": 28, "fields": {"name": "Can add refresh token", "content_type": 10, "codename": "add_refreshtoken"}}, {"model": "auth.permission", "pk": 29, "fields": {"name": "Can change refresh token", "content_type": 10, "codename": "change_refreshtoken"}}, {"model": "auth.permission", "pk": 30, "fields": {"name": "Can delete refresh token", "content_type": 10, "codename": "delete_refreshtoken"}}, {"model": "auth.permission", "pk": 31, "fields": {"name": "Can add cors model", "content_type": 11, "codename": "add_corsmodel"}}, {"model": "auth.permission", "pk": 32, "fields": {"name": "Can change cors model", "content_type": 11, "codename": "change_corsmodel"}}, {"model": "auth.permission", "pk": 33, "fields": {"name": "Can delete cors model", "content_type": 11, "codename": "delete_corsmodel"}}, {"model": "auth.permission", "pk": 34, "fields": {"name": "Can add notification", "content_type": 12, "codename": "add_notification"}}, {"model": "auth.permission", "pk": 35, "fields": {"name": "Can change notification", "content_type": 12, "codename": "change_notification"}}, {"model": "auth.permission", "pk": 36, "fields": {"name": "Can delete notification", "content_type": 12, "codename": "delete_notification"}}, {"model": "auth.permission", "pk": 37, "fields": {"name": "Can add profile", "content_type": 13, "codename": "add_profile"}}, {"model": "auth.permission", "pk": 38, "fields": {"name": "Can change profile", "content_type": 13, "codename": "change_profile"}}, {"model": "auth.permission", "pk": 39, "fields": {"name": "Can delete profile", "content_type": 13, "codename": "delete_profile"}}, {"model": "auth.permission", "pk": 40, "fields": {"name": "Can add alternativa", "content_type": 14, "codename": "add_alternativa"}}, {"model": "auth.permission", "pk": 41, "fields": {"name": "Can change alternativa", "content_type": 14, "codename": "change_alternativa"}}, {"model": "auth.permission", "pk": 42, "fields": {"name": "Can delete alternativa", "content_type": 14, "codename": "delete_alternativa"}}, {"model": "auth.permission", "pk": 43, "fields": {"name": "Can add aluno", "content_type": 15, "codename": "add_aluno"}}, {"model": "auth.permission", "pk": 44, "fields": {"name": "Can change aluno", "content_type": 15, "codename": "change_aluno"}}, {"model": "auth.permission", "pk": 45, "fields": {"name": "Can delete aluno", "content_type": 15, "codename": "delete_aluno"}}, {"model": "auth.permission", "pk": 46, "fields": {"name": "Can add attachment", "content_type": 16, "codename": "add_attachment"}}, {"model": "auth.permission", "pk": 47, "fields": {"name": "Can change attachment", "content_type": 16, "codename": "change_attachment"}}, {"model": "auth.permission", "pk": 48, "fields": {"name": "Can delete attachment", "content_type": 16, "codename": "delete_attachment"}}, {"model": "auth.permission", "pk": 49, "fields": {"name": "Can add aula", "content_type": 17, "codename": "add_aula"}}, {"model": "auth.permission", "pk": 50, "fields": {"name": "Can change aula", "content_type": 17, "codename": "change_aula"}}, {"model": "auth.permission", "pk": 51, "fields": {"name": "Can delete aula", "content_type": 17, "codename": "delete_aula"}}, {"model": "auth.permission", "pk": 52, "fields": {"name": "Can add descritor", "content_type": 18, "codename": "add_descritor"}}, {"model": "auth.permission", "pk": 53, "fields": {"name": "Can change descritor", "content_type": 18, "codename": "change_descritor"}}, {"model": "auth.permission", "pk": 54, "fields": {"name": "Can delete descritor", "content_type": 18, "codename": "delete_descritor"}}, {"model": "auth.permission", "pk": 55, "fields": {"name": "Can add disciplina", "content_type": 19, "codename": "add_disciplina"}}, {"model": "auth.permission", "pk": 56, "fields": {"name": "Can change disciplina", "content_type": 19, "codename": "change_disciplina"}}, {"model": "auth.permission", "pk": 57, "fields": {"name": "Can delete disciplina", "content_type": 19, "codename": "delete_disciplina"}}, {"model": "auth.permission", "pk": 58, "fields": {"name": "Can add escola", "content_type": 20, "codename": "add_escola"}}, {"model": "auth.permission", "pk": 59, "fields": {"name": "Can change escola", "content_type": 20, "codename": "change_escola"}}, {"model": "auth.permission", "pk": 60, "fields": {"name": "Can delete escola", "content_type": 20, "codename": "delete_escola"}}, {"model": "auth.permission", "pk": 61, "fields": {"name": "Can add exercicio", "content_type": 21, "codename": "add_exercicio"}}, {"model": "auth.permission", "pk": 62, "fields": {"name": "Can change exercicio", "content_type": 21, "codename": "change_exercicio"}}, {"model": "auth.permission", "pk": 63, "fields": {"name": "Can delete exercicio", "content_type": 21, "codename": "delete_exercicio"}}, {"model": "auth.permission", "pk": 64, "fields": {"name": "Can add professor", "content_type": 22, "codename": "add_professor"}}, {"model": "auth.permission", "pk": 65, "fields": {"name": "Can change professor", "content_type": 22, "codename": "change_professor"}}, {"model": "auth.permission", "pk": 66, "fields": {"name": "Can delete professor", "content_type": 22, "codename": "delete_professor"}}, {"model": "auth.permission", "pk": 67, "fields": {"name": "Can add responsavel", "content_type": 23, "codename": "add_responsavel"}}, {"model": "auth.permission", "pk": 68, "fields": {"name": "Can change responsavel", "content_type": 23, "codename": "change_responsavel"}}, {"model": "auth.permission", "pk": 69, "fields": {"name": "Can delete responsavel", "content_type": 23, "codename": "delete_responsavel"}}, {"model": "auth.permission", "pk": 70, "fields": {"name": "Can add resposta", "content_type": 24, "codename": "add_resposta"}}, {"model": "auth.permission", "pk": 71, "fields": {"name": "Can change resposta", "content_type": 24, "codename": "change_resposta"}}, {"model": "auth.permission", "pk": 72, "fields": {"name": "Can delete resposta", "content_type": 24, "codename": "delete_resposta"}}, {"model": "auth.permission", "pk": 73, "fields": {"name": "Can add turma", "content_type": 25, "codename": "add_turma"}}, {"model": "auth.permission", "pk": 74, "fields": {"name": "Can change turma", "content_type": 25, "codename": "change_turma"}}, {"model": "auth.permission", "pk": 75, "fields": {"name": "Can delete turma", "content_type": 25, "codename": "delete_turma"}}, {"model": "auth.permission", "pk": 76, "fields": {"name": "Can add historico aulas assistidas", "content_type": 26, "codename": "add_historicoaulasassistidas"}}, {"model": "auth.permission", "pk": 77, "fields": {"name": "Can change historico aulas assistidas", "content_type": 26, "codename": "change_historicoaulasassistidas"}}, {"model": "auth.permission", "pk": 78, "fields": {"name": "Can delete historico aulas assistidas", "content_type": 26, "codename": "delete_historicoaulasassistidas"}}, {"model": "auth.permission", "pk": 79, "fields": {"name": "Can add exercicio log", "content_type": 27, "codename": "add_exerciciolog"}}, {"model": "auth.permission", "pk": 80, "fields": {"name": "Can change exercicio log", "content_type": 27, "codename": "change_exerciciolog"}}, {"model": "auth.permission", "pk": 81, "fields": {"name": "Can delete exercicio log", "content_type": 27, "codename": "delete_exerciciolog"}}, {"model": "auth.permission", "pk": 82, "fields": {"name": "Can add gestor", "content_type": 28, "codename": "add_gestor"}}, {"model": "auth.permission", "pk": 83, "fields": {"name": "Can change gestor", "content_type": 28, "codename": "change_gestor"}}, {"model": "auth.permission", "pk": 84, "fields": {"name": "Can delete gestor", "content_type": 28, "codename": "delete_gestor"}}, {"model": "auth.permission", "pk": 85, "fields": {"name": "Can add distrito", "content_type": 29, "codename": "add_distrito"}}, {"model": "auth.permission", "pk": 86, "fields": {"name": "Can change distrito", "content_type": 29, "codename": "change_distrito"}}, {"model": "auth.permission", "pk": 87, "fields": {"name": "Can delete distrito", "content_type": 29, "codename": "delete_distrito"}}, {"model": "auth.permission", "pk": 88, "fields": {"name": "Can add attachment", "content_type": 30, "codename": "add_attachment"}}, {"model": "auth.permission", "pk": 89, "fields": {"name": "Can change attachment", "content_type": 30, "codename": "change_attachment"}}, {"model": "auth.permission", "pk": 90, "fields": {"name": "Can delete attachment", "content_type": 30, "codename": "delete_attachment"}}, {"model": "auth.permission", "pk": 91, "fields": {"name": "Can add distrito", "content_type": 31, "codename": "add_distrito"}}, {"model": "auth.permission", "pk": 92, "fields": {"name": "Can change distrito", "content_type": 31, "codename": "change_distrito"}}, {"model": "auth.permission", "pk": 93, "fields": {"name": "Can delete distrito", "content_type": 31, "codename": "delete_distrito"}}, {"model": "auth.user", "pk": 1, "fields": {"password": "pbkdf2_sha256$36000$vm2CLfpPQTmQ$C85CA2KZYKAKA2ZRTjDrupn47VwmaWUFeiWuggEfZQc=", "last_login": "2018-05-15T20:37:07.517Z", "is_superuser": true, "username": "admin", "first_name": "", "last_name": "", "email": "admin@local.com", "is_staff": true, "is_active": true, "date_joined": "2017-11-09T21:23:48.900Z", "groups": [], "user_permissions": []}}, {"model": "auth.user", "pk": 3, "fields": {"password": "pbkdf2_sha256$36000$Z4dcXRE1tWuk$vaqw3jPvh25+T+lSlS1Cm0n0ovyJ6+hwkTPGHkc6rSo=", "last_login": null, "is_superuser": false, "username": "gestor1", "first_name": "", "last_name": "", "email": "", "is_staff": false, "is_active": true, "date_joined": "2018-01-18T01:21:24.912Z", "groups": [], "user_permissions": []}}, {"model": "auth.user", "pk": 4, "fields": {"password": "pbkdf2_sha256$36000$mcomLcObLmlH$u9wCmk76X9jUcBfJyJ1rc5dcn97WW1skomvOeNPXTjA=", "last_login": null, "is_superuser": false, "username": "gestor2", "first_name": "", "last_name": "", "email": "", "is_staff": false, "is_active": true, "date_joined": "2018-01-18T01:21:55.587Z", "groups": [], "user_permissions": []}}, {"model": "auth.user", "pk": 5, "fields": {"password": "pbkdf2_sha256$36000$Zdxs5BZURfus$aAysyRbTfI9VqPEu4TNi4hcBnG4DY+FeSgo+u83uNng=", "last_login": null, "is_superuser": false, "username": "gestor3", "first_name": "", "last_name": "", "email": "", "is_staff": false, "is_active": true, "date_joined": "2018-01-18T01:22:37.129Z", "groups": [], "user_permissions": []}}, {"model": "auth.user", "pk": 10, "fields": {"password": "pbkdf2_sha256$36000$IvR6ROqOcr0h$3UaJ5aQ8x5lXnVnadlW1EZLotsMIQAbaZIcVL21u3hA=", "last_login": null, "is_superuser": false, "username": "albus", "first_name": "", "last_name": "", "email": "albus@email.com", "is_staff": false, "is_active": true, "date_joined": "2018-02-07T03:24:52.222Z", "groups": [], "user_permissions": []}}, {"model": "auth.user", "pk": 11, "fields": {"password": "pbkdf2_sha256$36000$ek2xiw2j1oOt$mHvB1dj8hDKUeHnUAK1mvQl6FXswF9H6UFNgQk2DKCE=", "last_login": null, "is_superuser": false, "username": "apollo", "first_name": "", "last_name": "", "email": "apollo@email.com", "is_staff": false, "is_active": true, "date_joined": "2018-02-07T03:25:36.686Z", "groups": [], "user_permissions": []}}, {"model": "auth.user", "pk": 12, "fields": {"password": "pbkdf2_sha256$36000$rGx7XijEsI6R$ijjhD9Q5vM/lPObkkGy0dhIXfkhAhFBuABB8XJ4eii0=", "last_login": null, "is_superuser": false, "username": "arthur", "first_name": "", "last_name": "", "email": "arthur@email.com", "is_staff": false, "is_active": true, "date_joined": "2018-02-07T03:26:11.818Z", "groups": [], "user_permissions": []}}, {"model": "auth.user", "pk": 13, "fields": {"password": "pbkdf2_sha256$36000$C6zcOqj2li2F$GGsI95qvAKbgH6Wu9DjJ56GCLOxu0S/3sIWw7Lyzsio=", "last_login": null, "is_superuser": false, "username": "aslam", "first_name": "", "last_name": "", "email": "Aslam@email.com", "is_staff": false, "is_active": true, "date_joined": "2018-02-07T03:26:37.953Z", "groups": [], "user_permissions": []}}, {"model": "auth.user", "pk": 14, "fields": {"password": "pbkdf2_sha256$36000$OK4N46BX3Mgk$VqZASMaAkiQAWSyZXYKgI0D+cfKyx17hU/32KA6dzf0=", "last_login": null, "is_superuser": false, "username": "bruce", "first_name": "", "last_name": "", "email": "bruce@email.com", "is_staff": false, "is_active": true, "date_joined": "2018-02-07T03:26:58.184Z", "groups": [], "user_permissions": []}}, {"model": "auth.user", "pk": 15, "fields": {"password": "pbkdf2_sha256$36000$BkLmjtcvtP8O$o1yHJCW78GYz2EURoRHTl77UD2c4fq071/DqafuVnA4=", "last_login": null, "is_superuser": false, "username": "caspian", "first_name": "", "last_name": "", "email": "caspian@email.com", "is_staff": false, "is_active": true, "date_joined": "2018-02-07T03:27:22.678Z", "groups": [], "user_permissions": []}}, {"model": "auth.user", "pk": 16, "fields": {"password": "pbkdf2_sha256$36000$fZvDFQc3jWhh$6MYup59L/cHVvKrswPf5eKvb2oOmdg7/DmIjhmW6oYM=", "last_login": null, "is_superuser": false, "username": "charlie", "first_name": "", "last_name": "", "email": "charlie@email.com", "is_staff": false, "is_active": true, "date_joined": "2018-02-07T03:28:09.835Z", "groups": [], "user_permissions": []}}, {"model": "auth.user", "pk": 17, "fields": {"password": "pbkdf2_sha256$36000$Z3CnAuLkKUTK$YuejfXaEYFUjAMn1kB6fSj35p5asHGxyywjq2Lu2cIY=", "last_login": null, "is_superuser": false, "username": "clark", "first_name": "", "last_name": "", "email": "clark@email.com", "is_staff": false, "is_active": true, "date_joined": "2018-02-07T03:28:38.722Z", "groups": [], "user_permissions": []}}, {"model": "auth.user", "pk": 18, "fields": {"password": "pbkdf2_sha256$36000$N8QWLnlhux4A$c4bbgo355OKY47BxHpJzDZpd7xnEKbGKLXh5MX8pazo=", "last_login": null, "is_superuser": false, "username": "drako", "first_name": "", "last_name": "", "email": "drako@email.com", "is_staff": false, "is_active": true, "date_joined": "2018-02-07T03:28:58.685Z", "groups": [], "user_permissions": []}}, {"model": "auth.user", "pk": 19, "fields": {"password": "pbkdf2_sha256$36000$ulrcbTXJl4JM$Z6iUt2kKnCl6KL4OT+1S1w1/c0ARNEwgwExIbB9ipDs=", "last_login": null, "is_superuser": false, "username": "edmund", "first_name": "", "last_name": "", "email": "edmund@email.com", "is_staff": false, "is_active": true, "date_joined": "2018-02-07T03:29:46.377Z", "groups": [], "user_permissions": []}}, {"model": "auth.user", "pk": 20, "fields": {"password": "pbkdf2_sha256$36000$ItFdVoRIGvy6$xsOOudqSTHTcIJ/tPCKeX+7Zx+PmIxnFvvgUkNx6syo=", "last_login": null, "is_superuser": false, "username": "edward", "first_name": "", "last_name": "", "email": "edward@email.com", "is_staff": false, "is_active": true, "date_joined": "2018-02-07T03:30:05.661Z", "groups": [], "user_permissions": []}}, {"model": "auth.user", "pk": 21, "fields": {"password": "pbkdf2_sha256$36000$H15VYqAKfVTA$j15EJrkMejmvEEY/Lq+NCbwLWYU66jbRKw9Z/lBkiWM=", "last_login": null, "is_superuser": false, "username": "aslampai", "first_name": "", "last_name": "", "email": "", "is_staff": false, "is_active": true, "date_joined": "2018-02-16T19:00:58.972Z", "groups": [], "user_permissions": []}}, {"model": "auth.user", "pk": 22, "fields": {"password": "pbkdf2_sha256$36000$nZQRS7XBU4mQ$QMCqH8O+GBeiF8cWVdMvNTVHlO5Wo5JHXNhR9GzSEz8=", "last_login": null, "is_superuser": false, "username": "aslammae", "first_name": "", "last_name": "", "email": "", "is_staff": false, "is_active": true, "date_joined": "2018-02-16T19:01:46.161Z", "groups": [], "user_permissions": []}}, {"model": "oauth2_provider.application", "pk": 1, "fields": {"client_id": "Mk3UDyeB8yuqP0ElbXybmT3HDbzscja7iSQoWJLP", "user": 1, "redirect_uris": "", "client_type": "confidential", "authorization_grant_type": "password", "client_secret": "ThoCKYv617QP4tgqsYHBhL1lMyrb0gdFEHE4TDWDbhzUg00fcgYCUhz8VsZBpj43PB3U7mxkFCtn5cqZrGEA7uR50IyEeVFMhQJWM4pGlae96DWoW5KQ7N9K7itKrnZA", "name": "SE Local", "skip_authorization": false}}, {"model": "django_summernote.attachment", "pk": 1, "fields": {"name": "black_cat.png", "file": "django-summernote/2018-01-03/9055137a-dd63-4af1-a2ae-74a1e85324ed.png", "uploaded": "2018-01-03T13:58:46.912Z"}}, {"model": "django_summernote.attachment", "pk": 2, "fields": {"name": "black_cat.png", "file": "django-summernote/2018-01-03/e9f37764-8247-492c-a9e7-2d581f9a8ca4.png", "uploaded": "2018-01-03T14:27:02.090Z"}}, {"model": "django_summernote.attachment", "pk": 3, "fields": {"name": "if_youtube_circle_gray_107133.png", "file": "django-summernote/2018-01-03/6b74c68d-59c5-44de-80d7-2ac557f6f0ae.png", "uploaded": "2018-01-03T14:27:52.072Z"}}, {"model": "django_summernote.attachment", "pk": 4, "fields": {"name": "if_youtube_circle_gray_107133.png", "file": "django-summernote/2018-01-03/1da75e09-c12f-4afb-b325-7adab1970ef4.png", "uploaded": "2018-01-03T14:28:05.889Z"}}, {"model": "django_summernote.attachment", "pk": 5, "fields": {"name": "if_youtube_circle_gray_107133.png", "file": "django-summernote/2018-01-03/aaab3822-8db6-46ef-9b3e-87927dd6aa24.png", "uploaded": "2018-01-03T14:30:11.488Z"}}, {"model": "django_summernote.attachment", "pk": 6, "fields": {"name": "if_youtube_circle_gray_107133.png", "file": "django-summernote/2018-01-19/0fd6e60f-cebb-4cec-a179-287a8b1e4554.png", "uploaded": "2018-01-19T16:46:12.951Z"}}, {"model": "app.profile", "pk": 2, "fields": {"user": 3, "role": 7, "genero": 1, "imagem": ""}}, {"model": "app.profile", "pk": 3, "fields": {"user": 4, "role": 7, "genero": 1, "imagem": ""}}, {"model": "app.profile", "pk": 4, "fields": {"user": 5, "role": 7, "genero": 1, "imagem": ""}}, {"model": "app.profile", "pk": 8, "fields": {"user": 10, "role": 3, "genero": null, "imagem": ""}}, {"model": "app.profile", "pk": 9, "fields": {"user": 11, "role": 3, "genero": null, "imagem": ""}}, {"model": "app.profile", "pk": 10, "fields": {"user": 12, "role": 3, "genero": null, "imagem": ""}}, {"model": "app.profile", "pk": 11, "fields": {"user": 13, "role": 3, "genero": null, "imagem": ""}}, {"model": "app.profile", "pk": 12, "fields": {"user": 14, "role": 3, "genero": null, "imagem": ""}}, {"model": "app.profile", "pk": 13, "fields": {"user": 15, "role": 3, "genero": null, "imagem": ""}}, {"model": "app.profile", "pk": 14, "fields": {"user": 16, "role": 3, "genero": null, "imagem": ""}}, {"model": "app.profile", "pk": 15, "fields": {"user": 17, "role": 3, "genero": null, "imagem": ""}}, {"model": "app.profile", "pk": 16, "fields": {"user": 18, "role": 3, "genero": null, "imagem": ""}}, {"model": "app.profile", "pk": 17, "fields": {"user": 19, "role": 3, "genero": null, "imagem": ""}}, {"model": "app.profile", "pk": 18, "fields": {"user": 20, "role": 3, "genero": null, "imagem": ""}}, {"model": "app.profile", "pk": 19, "fields": {"user": 21, "role": 6, "genero": 1, "imagem": ""}}, {"model": "app.profile", "pk": 20, "fields": {"user": 22, "role": 6, "genero": 2, "imagem": ""}}, {"model": "app.gestor", "pk": 2, "fields": {"nome": "Gestor 1"}}, {"model": "app.gestor", "pk": 3, "fields": {"nome": "Gestor 2"}}, {"model": "app.gestor", "pk": 4, "fields": {"nome": "Gestor 3"}}, {"model": "app.escola", "pk": 2, "fields": {"nome": "Escola Municipal Sagrado Cora\u00e7\u00e3o de Jesus", "gestor": 4, "distrito": null}}, {"model": "app.escola", "pk": 3, "fields": {"nome": "Escola Municipal Escritora N\u00edsia Floresta Brasileira Augusta", "gestor": 3, "distrito": null}}, {"model": "app.escola", "pk": 4, "fields": {"nome": "Escola Municipal Professor Paulo Gra\u00e7a", "gestor": 2, "distrito": null}}, {"model": "app.escola", "pk": 5, "fields": {"nome": "Escola sem alunos", "gestor": null, "distrito": null}}, {"model": "app.responsavel", "pk": 19, "fields": {"nome": "Aslam Pai"}}, {"model": "app.responsavel", "pk": 20, "fields": {"nome": "Aslam M\u00e3e"}}, {"model": "app.disciplina", "pk": 1, "fields": {"nome": "Matem\u00e1tica", "is_prova_brasil": false}}, {"model": "app.disciplina", "pk": 2, "fields": {"nome": "Portugu\u00eas", "is_prova_brasil": false}}, {"model": "app.disciplina", "pk": 3, "fields": {"nome": "Ci\u00eancias", "is_prova_brasil": false}}, {"model": "app.disciplina", "pk": 4, "fields": {"nome": "Geografia", "is_prova_brasil": false}}, {"model": "app.disciplina", "pk": 5, "fields": {"nome": "Hist\u00f3ria", "is_prova_brasil": false}}, {"model": "app.disciplina", "pk": 6, "fields": {"nome": "Portugu\u00eas", "is_prova_brasil": true}}, {"model": "app.disciplina", "pk": 7, "fields": {"nome": "Matem\u00e1tica", "is_prova_brasil": true}}, {"model": "app.aula", "pk": 1, "fields": {"disciplina": 1, "assunto": "Opera\u00e7\u00f5es N\u00famericas", "bimestre": 1, "serie": 5, "ordem": 1}}, {"model": "app.aula", "pk": 2, "fields": {"disciplina": 1, "assunto": "Fra\u00e7\u00f5es", "bimestre": 1, "serie": 5, "ordem": 0}}, {"model": "app.aula", "pk": 3, "fields": {"disciplina": 1, "assunto": "N\u00fameros Primos", "bimestre": 1, "serie": 5, "ordem": 2}}, {"model": "app.aula", "pk": 4, "fields": {"disciplina": 2, "assunto": "Uso da crase", "bimestre": 1, "serie": 5, "ordem": 0}}, {"model": "app.aula", "pk": 5, "fields": {"disciplina": 2, "assunto": "Ditongo, tritongo e hiato", "bimestre": 1, "serie": 5, "ordem": 0}}, {"model": "app.aula", "pk": 6, "fields": {"disciplina": 3, "assunto": "Eclipse Solar", "bimestre": 1, "serie": 5, "ordem": 0}}, {"model": "app.aula", "pk": 7, "fields": {"disciplina": 4, "assunto": "Queda do muro de Berlim", "bimestre": 1, "serie": 5, "ordem": 0}}, {"model": "app.aula", "pk": 8, "fields": {"disciplina": 5, "assunto": "Coloniza\u00e7\u00e3o do Brasil", "bimestre": 1, "serie": 5, "ordem": 0}}, {"model": "app.aula", "pk": 9, "fields": {"disciplina": 6, "assunto": "Divis\u00e3o sil\u00e1bica", "bimestre": 1, "serie": 5, "ordem": 0}}, {"model": "app.aula", "pk": 10, "fields": {"disciplina": 7, "assunto": "Fra\u00e7\u00f5es Num\u00e9ricas", "bimestre": 1, "serie": 5, "ordem": 0}}, {"model": "app.aula", "pk": 11, "fields": {"disciplina": 1, "assunto": "Exponencia\u00e7\u00e3o", "bimestre": 1, "serie": 6, "ordem": 0}}, {"model": "app.attachment", "pk": 1, "fields": {"aula": 4, "uri": "http://fake.url.com", "titulo": "Uso da crase no dia a dia", "descricao": "Uso da crase no dia a dia", "attach_type": 1}}, {"model": "app.attachment", "pk": 2, "fields": {"aula": 5, "uri": "http://fake.url.com", "titulo": "Titulo", "descricao": "Description", "attach_type": 1}}, {"model": "app.attachment", "pk": 3, "fields": {"aula": 5, "uri": "http://fake.url.com", "titulo": "Titulo", "descricao": "Description", "attach_type": 1}}, {"model": "app.attachment", "pk": 4, "fields": {"aula": 6, "uri": "http://fake.url.com", "titulo": "Titulo", "descricao": "Description", "attach_type": 1}}, {"model": "app.attachment", "pk": 5, "fields": {"aula": 7, "uri": "http://fake.url.com", "titulo": "A queda do muro", "descricao": "Description", "attach_type": 1}}, {"model": "app.attachment", "pk": 6, "fields": {"aula": 8, "uri": "http://fake.url.com", "titulo": "Title", "descricao": "Description", "attach_type": 1}}, {"model": "app.attachment", "pk": 7, "fields": {"aula": 9, "uri": "http://fake.url.com", "titulo": "TItle", "descricao": "Descr", "attach_type": 1}}, {"model": "app.attachment", "pk": 8, "fields": {"aula": 10, "uri": "http://fake.url.com", "titulo": "Title", "descricao": "Description", "attach_type": 1}}, {"model": "app.attachment", "pk": 9, "fields": {"aula": 11, "uri": "http://fake.url.com", "titulo": "Title", "descricao": "Description", "attach_type": 1}}, {"model": "app.attachment", "pk": 10, "fields": {"aula": 2, "uri": "http://fake.url.com", "titulo": "Title", "descricao": "Description", "attach_type": 1}}, {"model": "app.attachment", "pk": 11, "fields": {"aula": 3, "uri": "http://fake.url.com", "titulo": "Title", "descricao": "Description", "attach_type": 1}}, {"model": "app.attachment", "pk": 12, "fields": {"aula": 1, "uri": "http://fake.url.com", "titulo": "Title", "descricao": "Description", "attach_type": 1}}, {"model": "app.aluno", "pk": 8, "fields": {"nome": "Albus", "serie_atual": 5, "data_nascimento": null, "matricula": "", "responsaveis": []}}, {"model": "app.aluno", "pk": 9, "fields": {"nome": "apollo", "serie_atual": 5, "data_nascimento": null, "matricula": "", "responsaveis": []}}, {"model": "app.aluno", "pk": 10, "fields": {"nome": "Arthur", "serie_atual": 5, "data_nascimento": null, "matricula": "", "responsaveis": []}}, {"model": "app.aluno", "pk": 11, "fields": {"nome": "Aslam", "serie_atual": 5, "data_nascimento": null, "matricula": "00022", "responsaveis": [19, 20]}}, {"model": "app.aluno", "pk": 12, "fields": {"nome": "Bruce", "serie_atual": 5, "data_nascimento": null, "matricula": "", "responsaveis": []}}, {"model": "app.aluno", "pk": 13, "fields": {"nome": "Caspian", "serie_atual": 5, "data_nascimento": null, "matricula": "", "responsaveis": []}}, {"model": "app.aluno", "pk": 14, "fields": {"nome": "Charlie", "serie_atual": 5, "data_nascimento": null, "matricula": "", "responsaveis": []}}, {"model": "app.aluno", "pk": 15, "fields": {"nome": "Clark", "serie_atual": 5, "data_nascimento": null, "matricula": "", "responsaveis": []}}, {"model": "app.aluno", "pk": 16, "fields": {"nome": "Drako", "serie_atual": 5, "data_nascimento": null, "matricula": "", "responsaveis": []}}, {"model": "app.aluno", "pk": 17, "fields": {"nome": "Edmund", "serie_atual": 5, "data_nascimento": null, "matricula": "", "responsaveis": []}}, {"model": "app.aluno", "pk": 18, "fields": {"nome": "Edward", "serie_atual": 5, "data_nascimento": null, "matricula": "", "responsaveis": []}}, {"model": "app.turma", "pk": 4, "fields": {"identificador": "5o Ano A", "descricao": "5o Ano A", "escola": 4, "serie": 5, "status": 1, "alunos": [8, 9, 10], "professores": []}}, {"model": "app.turma", "pk": 5, "fields": {"identificador": "5o Ano B", "descricao": "5o Ano B", "escola": 4, "serie": 5, "status": 1, "alunos": [11, 12, 13], "professores": []}}, {"model": "app.turma", "pk": 6, "fields": {"identificador": "5o Ano A", "descricao": "5o Ano A", "escola": 3, "serie": 5, "status": 1, "alunos": [14, 15, 16, 17, 18], "professores": []}}, {"model": "app.exercicio", "pk": 2, "fields": {"descritor": null, "aula": 2, "enunciado": "<p>Quest\u00e3o de teste</p>", "complemento": "<p><b>complemento</b></p>", "imagem": "", "classificacao": null}}, {"model": "app.exercicio", "pk": 3, "fields": {"descritor": null, "aula": 8, "enunciado": "<p>Quest\u00e3o de hist\u00f3ria 1</p>", "complemento": "", "imagem": "", "classificacao": 1}}, {"model": "app.exercicio", "pk": 4, "fields": {"descritor": null, "aula": 8, "enunciado": "<p><span style=\"color: rgb(51, 51, 51); font-family: Roboto, &quot;Lucida Grande&quot;, Verdana, Arial, sans-serif; font-size: 13px;\">Quest\u00e3o de hist\u00f3ria 2</span><br></p>", "complemento": "", "imagem": "", "classificacao": null}}, {"model": "app.exercicio", "pk": 5, "fields": {"descritor": null, "aula": 8, "enunciado": "<p>Quest\u00e3o de hist\u00f3ria 3</p>", "complemento": "", "imagem": "", "classificacao": null}}, {"model": "app.exercicio", "pk": 6, "fields": {"descritor": null, "aula": 5, "enunciado": "Quest\u00e3o 1", "complemento": "", "imagem": "", "classificacao": null}}, {"model": "app.exercicio", "pk": 7, "fields": {"descritor": null, "aula": 5, "enunciado": "Quest\u00e3o 2", "complemento": "", "imagem": "", "classificacao": null}}, {"model": "app.exercicio", "pk": 8, "fields": {"descritor": null, "aula": 5, "enunciado": "<p>quest\u00e3o 3</p>", "complemento": "", "imagem": "", "classificacao": null}}, {"model": "app.exercicio", "pk": 9, "fields": {"descritor": null, "aula": 9, "enunciado": "Quest\u00e3o 1", "complemento": "", "imagem": "", "classificacao": null}}, {"model": "app.exercicio", "pk": 10, "fields": {"descritor": null, "aula": 9, "enunciado": "<p>Quest\u00e3o 2</p>", "complemento": "", "imagem": "", "classificacao": null}}, {"model": "app.exercicio", "pk": 11, "fields": {"descritor": null, "aula": 9, "enunciado": "Quest\u00e3o 3", "complemento": "", "imagem": "", "classificacao": null}}, {"model": "app.exercicio", "pk": 12, "fields": {"descritor": null, "aula": 6, "enunciado": "Quest\u00e3o 1", "complemento": "", "imagem": "", "classificacao": null}}, {"model": "app.exercicio", "pk": 13, "fields": {"descritor": null, "aula": 6, "enunciado": "<p>Quest\u00e3o 2</p>", "complemento": "", "imagem": "", "classificacao": null}}, {"model": "app.exercicio", "pk": 14, "fields": {"descritor": null, "aula": 6, "enunciado": "<p>Quest\u00e3o 3</p>", "complemento": "", "imagem": "", "classificacao": null}}, {"model": "app.exercicio", "pk": 15, "fields": {"descritor": null, "aula": 2, "enunciado": "<p>quest\u00e3o 2</p>", "complemento": "", "imagem": "", "classificacao": null}}, {"model": "app.exercicio", "pk": 16, "fields": {"descritor": null, "aula": 2, "enunciado": "<p>quest\u00e3o 3</p>", "complemento": "", "imagem": "", "classificacao": null}}, {"model": "app.exercicio", "pk": 17, "fields": {"descritor": null, "aula": 10, "enunciado": "<p>Quest\u00e3o 1</p>", "complemento": "", "imagem": "", "classificacao": null}}, {"model": "app.exercicio", "pk": 18, "fields": {"descritor": null, "aula": 10, "enunciado": "<p>Quest\u00e3o 2</p>", "complemento": "", "imagem": "", "classificacao": null}}, {"model": "app.exercicio", "pk": 19, "fields": {"descritor": null, "aula": 10, "enunciado": "<p>Quest\u00e3o 3</p>", "complemento": "", "imagem": "", "classificacao": null}}, {"model": "app.exercicio", "pk": 20, "fields": {"descritor": null, "aula": 11, "enunciado": "<p>Quest\u00e3o 1</p>", "complemento": "", "imagem": "", "classificacao": null}}, {"model": "app.exercicio", "pk": 21, "fields": {"descritor": null, "aula": 3, "enunciado": "<p>Quest\u00e3o 1</p>", "complemento": "", "imagem": "", "classificacao": null}}, {"model": "app.exercicio", "pk": 22, "fields": {"descritor": null, "aula": 3, "enunciado": "<p>Quest\u00e3o 2</p>", "complemento": "", "imagem": "", "classificacao": null}}, {"model": "app.alternativa", "pk": 5, "fields": {"exercicio": 2, "enunciado": "<p><img src=\"/media/django-summernote/2018-01-19/0fd6e60f-cebb-4cec-a179-287a8b1e4554.png\" style=\"width: 128px;\"><br></p>", "correta": true, "explicacao": "<p>explica\u00e7\u00e3o</p>", "imagem": "", "img_resposta": ""}}, {"model": "app.alternativa", "pk": 6, "fields": {"exercicio": 2, "enunciado": "<p><span style=\"font-family: &quot;Open Sans&quot;, Arial, sans-serif; text-align: justify;\">Lorem ipsum dolor sit amet, consectetur adipiscing elit.</span><br></p>", "correta": false, "explicacao": "", "imagem": "", "img_resposta": ""}}, {"model": "app.alternativa", "pk": 7, "fields": {"exercicio": 2, "enunciado": "<p><span style=\"font-family: &quot;Open Sans&quot;, Arial, sans-serif; text-align: justify;\">Lorem ipsum dolor sit amet, consectetur adipiscing elit. Sed mattis tincidunt lacinia. Nunc lorem est, sollicitudin vel urna non, gravida iaculis libero.&nbsp;</span><span style=\"font-family: &quot;Open Sans&quot;, Arial, sans-serif; text-align: justify;\">sit amet, consectetur adipiscing elit. Sed mattis tincidunt lacinia. Nunc lorem est, sollicitudin vel urna non, gravida iaculis libero.&nbsp;</span><span style=\"font-family: &quot;Open Sans&quot;, Arial, sans-serif; text-align: justify;\">sit amet, consectetur adipiscing elit. Sed mattis tincidunt lacinia. Nunc lorem est, sollicitudin vel urna non, gravida iaculis libero.&nbsp;</span><span style=\"font-family: &quot;Open Sans&quot;, Arial, sans-serif; text-align: justify;\">sit amet, consectetur adipiscing elit. Sed mattis tincidunt lacinia. Nunc lorem est, sollicitudin vel urna non, gravida iaculis libero.&nbsp;</span><span style=\"font-family: &quot;Open Sans&quot;, Arial, sans-serif; text-align: justify;\">sit amet, consectetur adipiscing elit. Sed mattis tincidunt lacinia. Nunc lorem est, sollicitudin vel urna non, gravida iaculis libero.&nbsp;</span><br></p>", "correta": false, "explicacao": "", "imagem": "", "img_resposta": ""}}, {"model": "app.alternativa", "pk": 8, "fields": {"exercicio": 2, "enunciado": "<p><span style=\"font-family: &quot;Open Sans&quot;, Arial, sans-serif; text-align: justify;\">Lorem ipsum dolor sit amet, consectetur adipiscing elit. Sed mattis tincidunt lacinia. Nunc lorem est, sollicitudin vel urna non, gravida iaculis libero.&nbsp;</span><br></p>", "correta": false, "explicacao": "", "imagem": "", "img_resposta": ""}}, {"model": "app.alternativa", "pk": 9, "fields": {"exercicio": 3, "enunciado": "<p>alternativa 1</p>", "correta": true, "explicacao": "<p>Explica\u00e7\u00e3o</p>", "imagem": "", "img_resposta": ""}}, {"model": "app.alternativa", "pk": 10, "fields": {"exercicio": 3, "enunciado": "<p>alternativa 2</p>", "correta": false, "explicacao": "", "imagem": "", "img_resposta": ""}}, {"model": "app.alternativa", "pk": 11, "fields": {"exercicio": 3, "enunciado": "<p>alternativa 3</p>", "correta": false, "explicacao": "", "imagem": "", "img_resposta": ""}}, {"model": "app.alternativa", "pk": 12, "fields": {"exercicio": 3, "enunciado": "<p>alternativa 4</p>", "correta": false, "explicacao": "", "imagem": "", "img_resposta": ""}}, {"model": "app.alternativa", "pk": 13, "fields": {"exercicio": 4, "enunciado": "<p>Alternativa 1</p>", "correta": true, "explicacao": "<p>Explica\u00e7\u00e3o 1</p>", "imagem": "", "img_resposta": ""}}, {"model": "app.alternativa", "pk": 14, "fields": {"exercicio": 4, "enunciado": "<p>Alternativa 2</p>", "correta": false, "explicacao": "", "imagem": "", "img_resposta": ""}}, {"model": "app.alternativa", "pk": 15, "fields": {"exercicio": 4, "enunciado": "<p>Alternativa 3</p>", "correta": false, "explicacao": "", "imagem": "", "img_resposta": ""}}, {"model": "app.alternativa", "pk": 16, "fields": {"exercicio": 4, "enunciado": "<p>Alternativa 4</p>", "correta": false, "explicacao": "", "imagem": "", "img_resposta": ""}}, {"model": "app.alternativa", "pk": 17, "fields": {"exercicio": 5, "enunciado": "<p>alternativa 1</p>", "correta": true, "explicacao": "<p>Explica\u00e7\u00e3o</p>", "imagem": "", "img_resposta": ""}}, {"model": "app.alternativa", "pk": 18, "fields": {"exercicio": 5, "enunciado": "<p>alternativa 2</p>", "correta": false, "explicacao": "", "imagem": "", "img_resposta": ""}}, {"model": "app.alternativa", "pk": 19, "fields": {"exercicio": 5, "enunciado": "<p>alternativa 3</p>", "correta": false, "explicacao": "", "imagem": "", "img_resposta": ""}}, {"model": "app.alternativa", "pk": 20, "fields": {"exercicio": 5, "enunciado": "<p>alternativa 4</p>", "correta": false, "explicacao": "", "imagem": "", "img_resposta": ""}}, {"model": "app.alternativa", "pk": 21, "fields": {"exercicio": 6, "enunciado": "<p>altenativa 1</p>", "correta": true, "explicacao": "<p>explicacao</p>", "imagem": "", "img_resposta": ""}}, {"model": "app.alternativa", "pk": 22, "fields": {"exercicio": 6, "enunciado": "<p>alternativa 2</p>", "correta": false, "explicacao": "", "imagem": "", "img_resposta": ""}}, {"model": "app.alternativa", "pk": 23, "fields": {"exercicio": 6, "enunciado": "<p>alternativa 3</p>", "correta": false, "explicacao": "", "imagem": "", "img_resposta": ""}}, {"model": "app.alternativa", "pk": 24, "fields": {"exercicio": 6, "enunciado": "<p>alternativa 4</p>", "correta": false, "explicacao": "", "imagem": "", "img_resposta": ""}}, {"model": "app.alternativa", "pk": 25, "fields": {"exercicio": 7, "enunciado": "<p>alternativa 1</p>", "correta": true, "explicacao": "<p>explica\u00e7\u00e3o</p>", "imagem": "", "img_resposta": ""}}, {"model": "app.alternativa", "pk": 26, "fields": {"exercicio": 7, "enunciado": "<p>alternativa 2</p>", "correta": false, "explicacao": "", "imagem": "", "img_resposta": ""}}, {"model": "app.alternativa", "pk": 27, "fields": {"exercicio": 7, "enunciado": "<p>alternativa 3</p>", "correta": false, "explicacao": "", "imagem": "", "img_resposta": ""}}, {"model": "app.alternativa", "pk": 28, "fields": {"exercicio": 7, "enunciado": "<p>alternativa 4</p>", "correta": false, "explicacao": "", "imagem": "", "img_resposta": ""}}, {"model": "app.alternativa", "pk": 29, "fields": {"exercicio": 8, "enunciado": "<p>alternativa 1</p>", "correta": true, "explicacao": "<p>explica\u00e7\u00e3o</p>", "imagem": "", "img_resposta": ""}}, {"model": "app.alternativa", "pk": 30, "fields": {"exercicio": 8, "enunciado": "<p>alternativa 2</p>", "correta": false, "explicacao": "", "imagem": "", "img_resposta": ""}}, {"model": "app.alternativa", "pk": 31, "fields": {"exercicio": 8, "enunciado": "<p>alternativa 3</p>", "correta": false, "explicacao": "", "imagem": "", "img_resposta": ""}}, {"model": "app.alternativa", "pk": 32, "fields": {"exercicio": 8, "enunciado": "<p>alternativa 4</p>", "correta": false, "explicacao": "", "imagem": "", "img_resposta": ""}}, {"model": "app.alternativa", "pk": 33, "fields": {"exercicio": 9, "enunciado": "<p>alternativa 1</p>", "correta": true, "explicacao": "<p>explica\u00e7\u00e3o</p>", "imagem": "", "img_resposta": ""}}, {"model": "app.alternativa", "pk": 34, "fields": {"exercicio": 9, "enunciado": "<p>alternativa 2</p>", "correta": false, "explicacao": "", "imagem": "", "img_resposta": ""}}, {"model": "app.alternativa", "pk": 35, "fields": {"exercicio": 9, "enunciado": "<p>alternativa 3</p>", "correta": false, "explicacao": "", "imagem": "", "img_resposta": ""}}, {"model": "app.alternativa", "pk": 36, "fields": {"exercicio": 9, "enunciado": "<p>alternativa 4</p>", "correta": false, "explicacao": "", "imagem": "", "img_resposta": ""}}, {"model": "app.alternativa", "pk": 37, "fields": {"exercicio": 10, "enunciado": "<p>alternativa 1</p>", "correta": true, "explicacao": "<p>explica\u00e7\u00e3o</p>", "imagem": "", "img_resposta": ""}}, {"model": "app.alternativa", "pk": 38, "fields": {"exercicio": 10, "enunciado": "<p>alternativa 2</p>", "correta": false, "explicacao": "", "imagem": "", "img_resposta": ""}}, {"model": "app.alternativa", "pk": 39, "fields": {"exercicio": 10, "enunciado": "<p>alternativa 3</p>", "correta": false, "explicacao": "", "imagem": "", "img_resposta": ""}}, {"model": "app.alternativa", "pk": 40, "fields": {"exercicio": 10, "enunciado": "<p>alternativa 4</p>", "correta": false, "explicacao": "", "imagem": "", "img_resposta": ""}}, {"model": "app.alternativa", "pk": 41, "fields": {"exercicio": 11, "enunciado": "<p>alternativa 1</p>", "correta": true, "explicacao": "<p>explica\u00e7\u00e3o</p>", "imagem": "", "img_resposta": ""}}, {"model": "app.alternativa", "pk": 42, "fields": {"exercicio": 11, "enunciado": "<p>alternativa 2</p>", "correta": false, "explicacao": "", "imagem": "", "img_resposta": ""}}, {"model": "app.alternativa", "pk": 43, "fields": {"exercicio": 11, "enunciado": "<p>alternativa 3</p>", "correta": false, "explicacao": "", "imagem": "", "img_resposta": ""}}, {"model": "app.alternativa", "pk": 44, "fields": {"exercicio": 11, "enunciado": "<p>alternativa 4</p>", "correta": false, "explicacao": "", "imagem": "", "img_resposta": ""}}, {"model": "app.alternativa", "pk": 45, "fields": {"exercicio": 12, "enunciado": "<p>alternativa 1</p>", "correta": true, "explicacao": "<p>explica\u00e7\u00e3o</p>", "imagem": "", "img_resposta": ""}}, {"model": "app.alternativa", "pk": 46, "fields": {"exercicio": 12, "enunciado": "<p>alternativa 2</p>", "correta": false, "explicacao": "", "imagem": "", "img_resposta": ""}}, {"model": "app.alternativa", "pk": 47, "fields": {"exercicio": 12, "enunciado": "<p>alternativa 3</p>", "correta": false, "explicacao": "", "imagem": "", "img_resposta": ""}}, {"model": "app.alternativa", "pk": 48, "fields": {"exercicio": 12, "enunciado": "<p>alternativa 4</p>", "correta": false, "explicacao": "", "imagem": "", "img_resposta": ""}}, {"model": "app.alternativa", "pk": 49, "fields": {"exercicio": 13, "enunciado": "<p>alternativa 1</p>", "correta": true, "explicacao": "<p>explica\u00e7\u00e3o</p>", "imagem": "", "img_resposta": ""}}, {"model": "app.alternativa", "pk": 50, "fields": {"exercicio": 13, "enunciado": "<p>alternativa 2</p>", "correta": false, "explicacao": "", "imagem": "", "img_resposta": ""}}, {"model": "app.alternativa", "pk": 51, "fields": {"exercicio": 13, "enunciado": "<p>alternativa 3</p>", "correta": false, "explicacao": "", "imagem": "", "img_resposta": ""}}, {"model": "app.alternativa", "pk": 52, "fields": {"exercicio": 13, "enunciado": "<p>alternativa 4</p>", "correta": false, "explicacao": "", "imagem": "", "img_resposta": ""}}, {"model": "app.alternativa", "pk": 53, "fields": {"exercicio": 14, "enunciado": "<p>alternativa 1</p>", "correta": false, "explicacao": "", "imagem": "", "img_resposta": ""}}, {"model": "app.alternativa", "pk": 54, "fields": {"exercicio": 14, "enunciado": "<p>alternativa 2</p>", "correta": false, "explicacao": "", "imagem": "", "img_resposta": ""}}, {"model": "app.alternativa", "pk": 55, "fields": {"exercicio": 14, "enunciado": "<p>alternativa 3</p>", "correta": false, "explicacao": "", "imagem": "", "img_resposta": ""}}, {"model": "app.alternativa", "pk": 56, "fields": {"exercicio": 14, "enunciado": "<p>alternativa 4</p>", "correta": false, "explicacao": "", "imagem": "", "img_resposta": ""}}, {"model": "app.alternativa", "pk": 57, "fields": {"exercicio": 15, "enunciado": "<p>alternativa 1</p>", "correta": true, "explicacao": "<p>explica\u00e7\u00e3o</p>", "imagem": "", "img_resposta": ""}}, {"model": "app.alternativa", "pk": 58, "fields": {"exercicio": 15, "enunciado": "<p>alternativa 2</p>", "correta": false, "explicacao": "", "imagem": "", "img_resposta": ""}}, {"model": "app.alternativa", "pk": 59, "fields": {"exercicio": 15, "enunciado": "<p>alternativa 3</p>", "correta": false, "explicacao": "", "imagem": "", "img_resposta": ""}}, {"model": "app.alternativa", "pk": 60, "fields": {"exercicio": 15, "enunciado": "<p>alternativa 4</p>", "correta": false, "explicacao": "", "imagem": "", "img_resposta": ""}}, {"model": "app.alternativa", "pk": 61, "fields": {"exercicio": 16, "enunciado": "<p>alternativa 1</p>", "correta": true, "explicacao": "<p>explica\u00e7\u00e3o</p>", "imagem": "", "img_resposta": ""}}, {"model": "app.alternativa", "pk": 62, "fields": {"exercicio": 16, "enunciado": "<p>alternativa 2</p>", "correta": false, "explicacao": "", "imagem": "", "img_resposta": ""}}, {"model": "app.alternativa", "pk": 63, "fields": {"exercicio": 16, "enunciado": "<p>alternativa 3</p>", "correta": false, "explicacao": "", "imagem": "", "img_resposta": ""}}, {"model": "app.alternativa", "pk": 64, "fields": {"exercicio": 16, "enunciado": "<p>alternativa 4</p>", "correta": false, "explicacao": "", "imagem": "", "img_resposta": ""}}, {"model": "app.alternativa", "pk": 65, "fields": {"exercicio": 17, "enunciado": "<p>alternativa 1</p>", "correta": true, "explicacao": "<p>explica\u00e7\u00e3o</p>", "imagem": "", "img_resposta": ""}}, {"model": "app.alternativa", "pk": 66, "fields": {"exercicio": 17, "enunciado": "<p>alternativa 2</p>", "correta": false, "explicacao": "", "imagem": "", "img_resposta": ""}}, {"model": "app.alternativa", "pk": 67, "fields": {"exercicio": 17, "enunciado": "<p>alternativa 3</p>", "correta": false, "explicacao": "", "imagem": "", "img_resposta": ""}}, {"model": "app.alternativa", "pk": 68, "fields": {"exercicio": 17, "enunciado": "<p>alternativa 4</p>", "correta": false, "explicacao": "", "imagem": "", "img_resposta": ""}}, {"model": "app.alternativa", "pk": 69, "fields": {"exercicio": 18, "enunciado": "<p>alternativa 1</p>", "correta": true, "explicacao": "<p>explica\u00e7\u00e3o</p>", "imagem": "", "img_resposta": ""}}, {"model": "app.alternativa", "pk": 70, "fields": {"exercicio": 18, "enunciado": "<p>alternativa 2</p>", "correta": false, "explicacao": "", "imagem": "", "img_resposta": ""}}, {"model": "app.alternativa", "pk": 71, "fields": {"exercicio": 18, "enunciado": "<p>alternativa 3</p>", "correta": false, "explicacao": "", "imagem": "", "img_resposta": ""}}, {"model": "app.alternativa", "pk": 72, "fields": {"exercicio": 18, "enunciado": "<p>alternativa 4</p>", "correta": false, "explicacao": "", "imagem": "", "img_resposta": ""}}, {"model": "app.alternativa", "pk": 73, "fields": {"exercicio": 19, "enunciado": "<p>alternativa 1</p>", "correta": true, "explicacao": "<p>explica\u00e7\u00e3o</p>", "imagem": "", "img_resposta": ""}}, {"model": "app.alternativa", "pk": 74, "fields": {"exercicio": 19, "enunciado": "<p>alternativa 2</p>", "correta": false, "explicacao": "", "imagem": "", "img_resposta": ""}}, {"model": "app.alternativa", "pk": 75, "fields": {"exercicio": 19, "enunciado": "<p>alternativa 3</p>", "correta": false, "explicacao": "", "imagem": "", "img_resposta": ""}}, {"model": "app.alternativa", "pk": 76, "fields": {"exercicio": 19, "enunciado": "<p>alternativa 4</p>", "correta": false, "explicacao": "", "imagem": "", "img_resposta": ""}}, {"model": "app.alternativa", "pk": 77, "fields": {"exercicio": 20, "enunciado": "<p>alternativa 1</p>", "correta": true, "explicacao": "<p>explica\u00e7\u00e3o</p>", "imagem": "", "img_resposta": ""}}, {"model": "app.alternativa", "pk": 78, "fields": {"exercicio": 20, "enunciado": "<p>alternativa 2</p>", "correta": false, "explicacao": "", "imagem": "", "img_resposta": ""}}, {"model": "app.alternativa", "pk": 79, "fields": {"exercicio": 20, "enunciado": "<p>alternativa 3</p>", "correta": false, "explicacao": "", "imagem": "", "img_resposta": ""}}, {"model": "app.alternativa", "pk": 80, "fields": {"exercicio": 20, "enunciado": "<p>alternativa 4</p>", "correta": false, "explicacao": "", "imagem": "", "img_resposta": ""}}, {"model": "app.alternativa", "pk": 81, "fields": {"exercicio": 21, "enunciado": "<p>Enunciado 1</p>", "correta": true, "explicacao": "<p>Explica\u00e7\u00e3o 1</p>", "imagem": "", "img_resposta": ""}}, {"model": "app.alternativa", "pk": 82, "fields": {"exercicio": 21, "enunciado": "<p>Enunciado 2</p>", "correta": false, "explicacao": "", "imagem": "", "img_resposta": ""}}, {"model": "app.alternativa", "pk": 83, "fields": {"exercicio": 21, "enunciado": "<p>Enunciado 3<br></p>", "correta": false, "explicacao": "", "imagem": "", "img_resposta": ""}}, {"model": "app.alternativa", "pk": 84, "fields": {"exercicio": 21, "enunciado": "<p>Enunciado 4<br></p>", "correta": false, "explicacao": "", "imagem": "", "img_resposta": ""}}, {"model": "app.alternativa", "pk": 85, "fields": {"exercicio": 22, "enunciado": "<p>Enunciado 1<br></p>", "correta": true, "explicacao": "<p>Explica\u00e7\u00e3o</p>", "imagem": "", "img_resposta": ""}}, {"model": "app.alternativa", "pk": 86, "fields": {"exercicio": 22, "enunciado": "<p>Enunciado 2<br></p>", "correta": false, "explicacao": "", "imagem": "", "img_resposta": ""}}, {"model": "app.alternativa", "pk": 87, "fields": {"exercicio": 22, "enunciado": "<p>Enunciado 3<br></p>", "correta": false, "explicacao": "", "imagem": "", "img_resposta": ""}}, {"model": "app.alternativa", "pk": 88, "fields": {"exercicio": 22, "enunciado": "<p>Enunciado 4<br></p>", "correta": false, "explicacao": "", "imagem": "", "img_resposta": ""}}]